keyword;minimal_abbreviation;keyword_type
&BATCH-MODE;&BATCH;Preprocessor
&ELSE;;Preprocessor
&ELSEIF;;Preprocessor
&ENDIF;;Preprocessor
&FILE-NAME;;Preprocessor
&GLOBAL-DEFINE;&GLOB;Preprocessor
&IF;;Preprocessor
&LINE-NUMBER;&LINE-NUMBE;Preprocessor
&MESSAGE;;Preprocessor
&OPSYS;;Preprocessor
&PROCESS-ARCHITECTURE;;Preprocessor
&SCOPED-DEFINE;&SCOP;Preprocessor
&SEQUENCE;;Preprocessor
&THEN;;Preprocessor
&UNDEFINE;&UNDEF;Preprocessor
&WEBSTREAM;;Preprocessor
&WINDOW-SYSTEM;&WINDOW-SYS;Preprocessor
ACCELERATOR;;Attribute
ACCEPT-CHANGES;;Method
ACCEPT-ROW-CHANGES;;Method
ACTIVE;;Attribute
ACTOR;;Attribute
ADD-BUFFER;;Method
ADD-CALC-COLUMN;;Method
ADD-COLUMNS-FROM;;Method
ADD-EVENTS-PROCEDURE;;Method
ADD-FIELDS-FROM;;Method
ADD-FIRST;;Method
ADD-HEADER-ENTRY;;Method
ADD-INDEX-FIELD;;Method
ADD-LAST;;Method
ADD-LIKE-COLUMN;;Method
ADD-LIKE-FIELD;;Method
ADD-LIKE-INDEX;;Method
ADD-NEW-FIELD;;Method
ADD-NEW-INDEX;;Method
ADD-PARENT-ID-RELATION;;Method
ADD-RELATION;;Method
ADD-SCHEMA-LOCATION;;Method
ADD-SOURCE-BUFFER;;Method
ADD-SUPER-PROCEDURE;;Method
ADM-DATA;;Attribute
AFTER-BUFFER;;Attribute
AFTER-ROWID;;Attribute
AFTER-TABLE;;Attribute
ALLOW-COLUMN-SEARCHING;;Attribute
ALLOW-PREV-DESERIALIZATION;;Attribute
ALWAYS-ON-TOP;;Attribute
AMBIGUOUS;;Attribute
AND;;Operator
APPEND-CHILD;;Method
APPL-ALERT-BOXES;;Attribute
APPL-CONTEXT-ID;;Attribute
APPLY-CALLBACK;;Method
APPSERVER-INFO;;Attribute
APPSERVER-PASSWORD;;Attribute
APPSERVER-USERID;;Attribute
ASYNCHRONOUS;;Attribute
ASYNC-REQUEST-COUNT;;Attribute
ASYNC-REQUEST-HANDLE;;Attribute
ATTACH-DATA-SOURCE;;Method
ATTACHED-PAIRLIST;;Attribute
ATTRIBUTE-NAMES;;Attribute
ATTR-SPACE;;Attribute
AUDIT-EVENT-CONTEXT;;Attribute
AUTHENTICATION-FAILED;;Method
AUTO-COMPLETION;;Attribute
AUTO-DELETE;;Attribute
AUTO-DELETE-XML;;Attribute
AUTO-END-KEY;;Attribute
AUTO-GO;;Attribute
AUTO-INDENT;;Attribute
AUTO-RESIZE;;Attribute
AUTO-RETURN;;Attribute
AUTO-SYNCHRONIZE;;Attribute
AUTO-VALIDATE;;Attribute
AUTO-ZAP;;Attribute
AVAILABLE;;Attribute
AVAILABLE-FORMATS;;Attribute
BACKGROUND;;Attribute
BASE-ADE;;Attribute
BASIC-LOGGING;;Attribute
BATCH-MODE;;Attribute
BATCH-SIZE;;Attribute
BEFORE-BUFFER;;Attribute
BEFORE-ROWID;;Attribute
BEFORE-TABLE;;Attribute
BEGIN-EVENT-GROUP;;Method
BEGINS;;Operator
BGCOLOR;;Attribute
BLANK;;Attribute
BLOB;;DataType
BLOCK-ITERATION-DISPLAY;;Attribute
BORDER-BOTTOM-CHARS;;Attribute
BORDER-BOTTOM-PIXELS;;Attribute
BORDER-LEFT-CHARS;;Attribute
BORDER-LEFT-PIXELS;;Attribute
BORDER-RIGHT-CHARS;;Attribute
BORDER-RIGHT-PIXELS;;Attribute
BORDER-TOP-CHARS;;Attribute
BORDER-TOP-PIXELS;;Attribute
BOX;;Attribute
BOX-SELECTABLE;;Attribute
BUFFER;;DataType
BUFFER-CHARS;;Attribute
BUFFER-COMPARE;;Method
BUFFER-COPY;;Method
BUFFER-CREATE;;Method
BUFFER-DELETE;;Method
BUFFER-FIELD;;Attribute
BUFFER-FIELD;;Method
BUFFER-GROUP-ID;;Attribute
BUFFER-GROUP-NAME;;Attribute
BUFFER-HANDLE;;Attribute
BUFFER-LINES;;Attribute
BUFFER-NAME;;Attribute
BUFFER-PARTITION-ID;;Attribute
BUFFER-RELEASE;;Method
BUFFER-TENANT-ID;;Attribute
BUFFER-TENANT-NAME;;Attribute
BUFFER-VALIDATE;;Method
BUFFER-VALUE;;Method
BUTTON;;Widget
BYTE;;DataType
BYTES-READ;;Attribute
BYTES-WRITTEN;;Attribute
CACHE;;Attribute
CALL-NAME;;Attribute
CALL-TYPE;;Attribute
CANCEL-BREAK;;Method
CANCEL-BUTTON;;Attribute
CANCELLED;;Attribute
CANCEL-REQUESTS;;Method
CANCEL-REQUESTS-AFTER;;Method
CAN-CREATE;;Attribute
CAN-DELETE;;Attribute
CAN-DO-DOMAIN-SUPPORT;;Attribute
CAN-READ;;Attribute
CAN-WRITE;;Attribute
CAREFUL-PAINT;;Attribute
CASE-SENSITIVE;;Attribute
CENTERED;;Attribute
CHARACTER;CHAR;DataType
CHARSET;;Attribute
CHECKED;;Attribute
CHILD-BUFFER;;Attribute
CHILD-NUM;;Attribute
CLASS;;DataType
CLASS-TYPE;;Attribute
CLEAR;;Method
CLEAR-APPL-CONTEXT;;Method
CLEAR-LOG;;Method
CLEAR-SELECTION;;Method
CLEAR-SORT-ARROWS;;Method
CLIENT-CONNECTION-ID;;Attribute
CLIENT-TTY;;Attribute
CLIENT-TYPE;;Attribute
CLIENT-WORKSTATION;;Attribute
CLOB;;DataType
CLONE-NODE;;Method
CLOSE-LOG;;Method
CODE;;Attribute
CODEPAGE;;Attribute
COLUMN;;Attribute
COLUMN-BGCOLOR;;Attribute
COLUMN-DCOLOR;;Attribute
COLUMN-FGCOLOR;;Attribute
COLUMN-FONT;;Attribute
COLUMN-LABEL;;Attribute
COLUMN-MOVABLE;;Attribute
COLUMN-PFCOLOR;;Attribute
COLUMN-READ-ONLY;;Attribute
COLUMN-RESIZABLE;;Attribute
COLUMN-SCROLLING;;Attribute
COMBO-BOX;;Widget
COM-HANDLE;;Attribute
COM-HANDLE;;DataType
COMPLETE;;Attribute
COMPONENT-HANDLE;;DataType
CONFIG-NAME;;Attribute
CONNECT;;Method
CONNECTED;;Method
CONTEXT-HELP;;Attribute
CONTEXT-HELP-FILE;;Attribute
CONTEXT-HELP-ID;;Attribute
CONTROL-BOX;;Attribute
CONTROL-FRAME;;Widget
CONTROL-NAME;;Attribute
CONTROLS;;Attribute
CONVERT-3D-COLORS;;Attribute
CONVERT-TO-OFFSET;;Method
COPY-DATASET;;Method
COPY-SAX-ATTRIBUTES;;Method
COPY-TEMP-TABLE;;Method
COVERAGE;;Attribute
CPCASE;;Attribute
CPCOLL;;Attribute
CPINTERNAL;;Attribute
CPLOG;;Attribute
CPPRINT;;Attribute
CPRCODEIN;;Attribute
CPRCODEOUT;;Attribute
CPSTREAM;;Attribute
CPTERM;;Attribute
CRC-VALUE;;Attribute
CREATE-LIKE;;Method
CREATE-LIKE-SEQUENTIAL;;Method
CREATE-NODE;;Method
CREATE-NODE-NAMESPACE;;Method
CREATE-RESULT-LIST-ENTRY;;Method
CURRENT-CHANGED;;Attribute
CURRENT-COLUMN;;Attribute
CURRENT-ENVIRONMENT;;Attribute
CURRENT-ITERATION;;Attribute
CURRENT-QUERY;;Method
CURRENT-REQUEST-INFO;;Attribute
CURRENT-RESPONSE-INFO;;Attribute
CURRENT-RESULT-ROW;;Attribute
CURRENT-ROW-MODIFIED;;Attribute
CURRENT-WINDOW;;Attribute
CURSOR-CHAR;;Attribute
CURSOR-LINE;;Attribute
CURSOR-OFFSET;;Attribute
DATA-ENTRY-RETURN;;Attribute
DATASET;;Attribute
DATASET;;DataType
DATASET-HANDLE;;DataType
DATA-SOURCE;;Attribute
DATA-SOURCE-COMPLETE-MAP;;Attribute
DATA-SOURCE-MODIFIED;;Attribute
DATA-SOURCE-ROWID;;Attribute
DATA-TYPE;;Attribute
DATE;;DataType
DATE-FORMAT;;Attribute
DATETIME;;DataType
DATETIME-TZ;;DataType
DB-CONTEXT;;Attribute
DB-LIST;;Attribute
DBNAME;;Attribute
DB-REFERENCES;;Attribute
DCOLOR;;Attribute
DDE-ERROR;;Attribute
DDE-ID;;Attribute
DDE-ITEM;;Attribute
DDE-NAME;;Attribute
DDE-TOPIC;;Attribute
DEBLANK;;Attribute
DEBUG;;Method
DEBUG-ALERT;;Attribute
DECIMAL;DEC;DataType
DECIMALS;;Attribute
DECLARE-NAMESPACE;;Method
DEFAULT;;Attribute
DEFAULT-BUFFER-HANDLE;;Attribute
DEFAULT-BUTTON;;Attribute
DEFAULT-COMMIT;;Attribute
DEFAULT-STRING;;Attribute
DEFAULT-VALUE;;Attribute
DELETE;;Method
DELETE-CHAR;;Method
DELETE-CURRENT-ROW;;Method
DELETE-HEADER-ENTRY;;Method
DELETE-LINE;;Method
DELETE-NODE;;Method
DELETE-RESULT-LIST-ENTRY;;Method
DELETE-SELECTED-ROW;;Method
DELETE-SELECTED-ROWS;;Method
DELIMITER;;Attribute
DESCRIPTION;;Attribute
DESELECT-FOCUSED-ROW;;Method
DESELECT-ROWS;;Method
DESELECT-SELECTED-ROW;;Method
DETACH-DATA-SOURCE;;Method
DIALOG-BOX;;Widget
DIRECTORY;;Attribute
DISABLE;;Method
DISABLE-AUTO-ZAP;;Attribute
DISABLE-CONNECTIONS;;Method
DISABLE-DUMP-TRIGGERS;;Method
DISABLE-LOAD-TRIGGERS;;Method
DISCONNECT;;Method
DISPLAY-MESSAGE;;Method
DISPLAY-TIMEZONE;;Attribute
DISPLAY-TYPE;;Attribute
DOMAIN-DESCRIPTION;;Attribute
DOMAIN-NAME;;Attribute
DOMAIN-TYPE;;Attribute
DOUBLE;;DataType
DOWN;;Attribute
DRAG-ENABLED;;Attribute
DROP-TARGET;;Attribute
DUMP-LOGGING-NOW;;Method
DYNAMIC;;Attribute
EDGE-CHARS;;Attribute
EDGE-PIXELS;;Attribute
EDIT-CAN-PASTE;;Attribute
EDIT-CAN-UNDO;;Attribute
EDIT-CLEAR;;Method
EDIT-COPY;;Method
EDIT-CUT;;Method
EDITOR;;Widget
EDIT-PASTE;;Method
EDIT-UNDO;;Method
EMPTY;;Attribute
EMPTY-DATASET;;Method
EMPTY-TEMP-TABLE;;Method
ENABLE;;Method
ENABLE-CONNECTIONS;;Method
ENABLED;;Attribute
ENABLE-EVENTS;;Method
ENCODE-DOMAIN-ACCESS-CODE;;Method
ENCODING;;Attribute
ENCRYPT-AUDIT-MAC-KEY;;Method
ENCRYPTION-SALT;;Attribute
END-DOCUMENT;;Method
END-ELEMENT;;Method
END-EVENT-GROUP;;Method
END-FILE-DROP;;Method
END-USER-PROMPT;;Attribute
ENTITY-EXPANSION-LIMIT;;Attribute
ENTRY;;Method
ENTRY-TYPES-LIST;;Attribute
EQ;;Operator
ERROR;;Attribute
ERROR-COLUMN;;Attribute
ERROR-OBJECT;;Attribute
ERROR-OBJECT-DETAIL;;Attribute
ERROR-ROW;;Attribute
ERROR-STACK-TRACE;;Attribute
ERROR-STRING;;Attribute
ESC;;Keyboard
EVENT-GROUP-ID;;Attribute
EVENT-HANDLER;;Attribute
EVENT-HANDLER-OBJECT;;Attribute
EVENT-PROCEDURE;;Attribute
EVENT-PROCEDURE-CONTEXT;;Attribute
EVENT-TYPE;;Attribute
EXCLUSIVE-ID;;Attribute
EXECUTION-LOG;;Attribute
EXIT-CODE;;Attribute
EXPAND;;Attribute
EXPANDABLE;;Attribute
EXPORT;;Method
EXPORT-PRINCIPAL;;Method
EXTENT;;Attribute
F1;;Keyboard
F10;;Keyboard
F11;;Keyboard
F12;;Keyboard
F2;;Keyboard
F3;;Keyboard
F4;;Keyboard
F5;;Keyboard
F6;;Keyboard
F7;;Keyboard
F8;;Keyboard
F9;;Keyboard
FETCH-SELECTED-ROW;;Method
FGCOLOR;;Attribute
FIELD-GROUP;;Widget
FILE-CREATE-DATE;;Attribute
FILE-CREATE-TIME;;Attribute
FILE-MOD-DATE;;Attribute
FILE-MOD-TIME;;Attribute
FILE-NAME;;Attribute
FILE-OFFSET;;Attribute
FILE-SIZE;;Attribute
FILE-TYPE;;Attribute
FILL;;Method
FILLED;;Attribute
FILL-IN;;Widget
FILL-MODE;;Attribute
FILL-WHERE-STRING;;Attribute
FIND-BY-ROWID;;Method
FIND-CURRENT;;Method
FIND-FIRST;;Method
FIND-LAST;;Method
FIND-UNIQUE;;Method
FIRST-ASYNC-REQUEST;;Attribute
FIRST-BUFFER;;Attribute
FIRST-CHILD;;Attribute
FIRST-COLUMN;;Attribute
FIRST-DATASET;;Attribute
FIRST-DATA-SOURCE;;Attribute
FIRST-FORM;;Attribute
FIRST-OBJECT;;Attribute
FIRST-OF;;Method
FIRST-PROCEDURE;;Attribute
FIRST-QUERY;;Attribute
FIRST-SERVER;;Attribute
FIRST-SERVER-SOCKET;;Attribute
FIRST-SOCKET;;Attribute
FIRST-TAB-ITEM;;Attribute
FIT-LAST-COLUMN;;Attribute
FLAT-BUTTON;;Attribute
FLOAT;;DataType
FOCUSED-ROW;;Attribute
FOCUSED-ROW-SELECTED;;Attribute
FONT;;Attribute
FOREGROUND;;Attribute
FOREIGN-KEY-HIDDEN;;Attribute
FORMAT;;Attribute
FORMATTED;;Attribute
FORM-INPUT;;Attribute
FORM-LONG-INPUT;;Attribute
FORWARD-ONLY;;Attribute
FRAGMENT;;Attribute
FRAME;;Attribute
FRAME;FRAM;Widget
FRAME-COL;;Attribute
FRAME-NAME;;Attribute
FRAME-ROW;;Attribute
FRAME-SPACING;;Attribute
FRAME-X;;Attribute
FRAME-Y;;Attribute
FREQUENCY;;Attribute
FULL-HEIGHT-CHARS;;Attribute
FULL-HEIGHT-PIXELS;;Attribute
FULL-PATHNAME;;Attribute
FULL-WIDTH-CHARS;;Attribute
FULL-WIDTH-PIXELS;;Attribute
FUNCTION;;Attribute
GE;;Operator
GET-ATTRIBUTE;;Method
GET-ATTRIBUTE-NODE;;Method
GET-BINARY-DATA;;Method
GET-BLUE-VALUE;;Method
GET-BROWSE-COLUMN;;Method
GET-BUFFER-HANDLE;;Method
GET-BYTES-AVAILABLE;;Method
GET-CALLBACK-PROC-CONTEXT;;Method
GET-CALLBACK-PROC-NAME;;Method
GET-CGI-LIST;;Method
GET-CGI-LONG-VALUE;;Method
GET-CGI-VALUE;;Method
GET-CHANGES;;Method
GET-CHILD;;Method
GET-CHILD-RELATION;;Method
GET-CLIENT;;Method
GET-COLUMN;;Method
GET-CONFIG-VALUE;;Method
GET-CURRENT;;Method
GET-DATASET-BUFFER;;Method
GET-DOCUMENT-ELEMENT;;Method
GET-DROPPED-FILE;;Method
GET-DYNAMIC;;Method
GET-ERROR-COLUMN;;Method
GET-ERROR-ROW;;Method
GET-FILE-NAME;;Method
GET-FILE-OFFSET;;Method
GET-FIRST;;Method
GET-GREEN-VALUE;;Method
GET-HEADER-ENTRY;;Method
GET-INDEX-BY-NAMESPACE-NAME;;Method
GET-INDEX-BY-QNAME;;Method
GET-ITERATION;;Method
GET-LAST;;Method
GET-LOCALNAME-BY-INDEX;;Method
GET-MESSAGE;;Method
GET-MESSAGE-TYPE;;Method
GET-NEXT;;Method
GET-NODE;;Method
GET-NUMBER;;Method
GET-PARENT;;Method
GET-PREV;;Method
GET-PRINTERS;;Method
GET-PROPERTY;;Method
GET-QNAME-BY-INDEX;;Method
GET-RED-VALUE;;Method
GET-RELATION;;Method
GET-REPOSITIONED-ROW;;Method
GET-RGB-VALUE;;Method
GET-ROW;;Method
GET-SAFE-USER;;Method
GET-SELECTED-WIDGET;;Method
GET-SERIALIZED;;Method
GET-SIGNATURE;;Method
GET-SOCKET-OPTION;;Method
GET-SOURCE-BUFFER;;Method
GET-TAB-ITEM;;Method
GET-TEXT-HEIGHT-CHARS;;Method
GET-TEXT-HEIGHT-PIXELS;;Method
GET-TEXT-WIDTH-CHARS;;Method
GET-TEXT-WIDTH-PIXELS;;Method
GET-TOP-BUFFER;;Method
GET-TYPE-BY-INDEX;;Method
GET-TYPE-BY-NAMESPACE-NAME;;Method
GET-TYPE-BY-QNAME;;Method
GET-URI-BY-INDEX;;Method
GET-VALUE-BY-INDEX;;Method
GET-VALUE-BY-NAMESPACE-NAME;;Method
GET-VALUE-BY-QNAME;;Method
GET-WAIT-STATE;;Method
GRAPHIC-EDGE;;Attribute
GRID-FACTOR-HORIZONTAL;;Attribute
GRID-FACTOR-VERTICAL;;Attribute
GRID-SNAP;;Attribute
GRID-UNIT-HEIGHT-CHARS;;Attribute
GRID-UNIT-HEIGHT-PIXELS;;Attribute
GRID-UNIT-WIDTH-CHARS;;Attribute
GRID-UNIT-WIDTH-PIXELS;;Attribute
GRID-VISIBLE;;Attribute
GROUP-BOX;;Attribute
GT;;Operator
HANDLE;;Attribute
HANDLE;;DataType
HANDLER;;Attribute
HAS-LOBS;;Attribute
HAS-RECORDS;;Attribute
HEIGHT;;Attribute
HEIGHT-CHARS;;Attribute
HEIGHT-PIXELS;;Attribute
HELP;;Attribute
HIDDEN;;Attribute
HONORPROKEYS;;Attribute
HONORRETURNKEY;;Attribute
HORIZONTAL;;Attribute
HTML-CHARSET;;Attribute
HTML-END-OF-LINE;;Attribute
HTML-END-OF-PAGE;;Attribute
HTML-FRAME-BEGIN;;Attribute
HTML-FRAME-END;;Attribute
HTML-HEADER-BEGIN;;Attribute
HTML-HEADER-END;;Attribute
HTML-TITLE-BEGIN;;Attribute
HTML-TITLE-END;;Attribute
HWND;;Attribute
ICFPARAMETER;;Attribute
ICON;;Attribute
IGNORE-CURRENT-MODIFIED;;Attribute
IMAGE;;Attribute
IMAGE;;Widget
IMAGE-DOWN;;Attribute
IMAGE-INSENSITIVE;;Attribute
IMAGE-UP;;Attribute
IMMEDIATE-DISPLAY;;Attribute
IMPORT-NODE;;Method
IMPORT-PRINCIPAL;;Method
INCREMENT-EXCLUSIVE-ID;;Method
INDEX;;Attribute
INDEX-INFORMATION;;Attribute
INDEX-INFORMATION;;Method
IN-HANDLE;;Attribute
INHERIT-BGCOLOR;;Attribute
INHERIT-FGCOLOR;;Attribute
INITIAL;;Attribute
INITIALIZE;;Method
INITIALIZE-DOCUMENT-TYPE;;Method
INITIATE;;Method
INNER-CHARS;;Attribute
INNER-LINES;;Attribute
INPUT-VALUE;;Attribute
INSERT;;Method
INSERT-ATTRIBUTE;;Method
INSERT-BACKTAB;;Method
INSERT-BEFORE;;Method
INSERT-FILE;;Method
INSERT-ROW;;Method
INSERT-STRING;;Method
INSERT-TAB;;Method
INSTANTIATING-PROCEDURE;;Attribute
INT64;;DataType
INTEGER;INT;DataType
INTERNAL-ENTRIES;;Attribute
INVOKE;;Method
IS-CLASS;;Attribute
IS-JSON;;Attribute
IS-MULTI-TENANT;;Attribute
IS-OPEN;;Attribute
IS-PARAMETER-SET;;Attribute
IS-PARTITIONED;;Attribute
IS-ROW-SELECTED;;Method
IS-SELECTED;;Method
IS-XML;;Attribute
ITEMS-PER-ROW;;Attribute
KEEP-CONNECTION-OPEN;;Attribute
KEEP-FRAME-Z-ORDER;;Attribute
KEEP-SECURITY-CACHE;;Attribute
KEY;;Attribute
KEYS;;Attribute
LABEL;;Attribute
LABEL-BGCOLOR;;Attribute
LABEL-DCOLOR;;Attribute
LABEL-FGCOLOR;;Attribute
LABEL-FONT;;Attribute
LABELS;;Attribute
LABELS-HAVE-COLONS;;Attribute
LANGUAGES;;Attribute
LARGE;;Attribute
LARGE-TO-SMALL;;Attribute
LAST-ASYNC-REQUEST;;Attribute
LAST-BATCH;;Attribute
LAST-CHILD;;Attribute
LAST-FORM;;Attribute
LAST-OBJECT;;Attribute
LAST-OF;;Method
LAST-PROCEDURE;;Attribute
LAST-SERVER;;Attribute
LAST-SERVER-SOCKET;;Attribute
LAST-SOCKET;;Attribute
LAST-TAB-ITEM;;Attribute
LE;;Operator
LEFT;;Attribute
LENGTH;;Attribute
LIBRARY;;Attribute
LIBRARY-CALLING-CONVENTION;;Attribute
LINE;;Attribute
LISTINGS;;Attribute
LIST-ITEM-PAIRS;;Attribute
LIST-ITEMS;;Attribute
LIST-PROPERTY-NAMES;;Method
LITERAL;;Widget
LITERAL-QUESTION;;Attribute
LOAD;;Method
LOADCONTROLS;;Method
LOAD-DOMAINS;;Method
LOAD-ICON;;Method
LOAD-IMAGE;;Method
LOAD-IMAGE-DOWN;;Method
LOAD-IMAGE-INSENSITIVE;;Method
LOAD-IMAGE-UP;;Method
LOAD-MOUSE-POINTER;;Method
LOAD-SMALL-ICON;;Method
LOCAL-HOST;;Attribute
LOCAL-NAME;;Attribute
LOCAL-PORT;;Attribute
LOCAL-VERSION-INFO;;Attribute
LOCATOR-COLUMN-NUMBER;;Attribute
LOCATOR-LINE-NUMBER;;Attribute
LOCATOR-PUBLIC-ID;;Attribute
LOCATOR-SYSTEM-ID;;Attribute
LOCATOR-TYPE;;Attribute
LOCKED;;Attribute
LOCK-REGISTRATION;;Method
LOG-AUDIT-EVENT;;Method
LOG-ENTRY-TYPES;;Attribute
LOGFILE-NAME;;Attribute
LOGGING-LEVEL;;Attribute
LOGICAL;LOG;DataType
LOGIN-EXPIRATION-TIMESTAMP;;Attribute
LOGIN-HOST;;Attribute
LOGIN-STATE;;Attribute
LOGOUT;;Method
LOG-THRESHOLD;;Attribute
LONG;;DataType
LONGCHAR;;DataType
LONGCHAR-TO-NODE-VALUE;;Method
LOOKUP;;Method
LT;;Operator
MANDATORY;;Attribute
MANUAL-HIGHLIGHT;;Attribute
MARK-NEW;;Method
MARK-ROW-STATE;;Method
MATCHES;;Operator
MAX-BUTTON;;Attribute
MAX-CHARS;;Attribute
MAX-DATA-GUESS;;Attribute
MAX-HEIGHT-CHARS;;Attribute
MAX-HEIGHT-PIXELS;;Attribute
MAXIMUM-LEVEL;;Attribute
MAX-VALUE;;Attribute
MAX-WIDTH-CHARS;;Attribute
MAX-WIDTH-PIXELS;;Attribute
MEMPTR;;DataType
MEMPTR-TO-NODE-VALUE;;Method
MENU;;Widget
MENU-BAR;;Attribute
MENU-ITEM;;Widget
MENU-KEY;;Attribute
MENU-MOUSE;;Attribute
MERGE-BY-FIELD;;Attribute
MERGE-CHANGES;;Method
MERGE-ROW-CHANGES;;Method
MESSAGE-AREA;;Attribute
MESSAGE-AREA-FONT;;Attribute
MIN-BUTTON;;Attribute
MIN-COLUMN-WIDTH-CHARS;;Attribute
MIN-COLUMN-WIDTH-PIXELS;;Attribute
MIN-HEIGHT-CHARS;;Attribute
MIN-HEIGHT-PIXELS;;Attribute
MIN-SCHEMA-MARSHAL;;Attribute
MIN-VALUE;;Attribute
MIN-WIDTH-CHARS;;Attribute
MIN-WIDTH-PIXELS;;Attribute
MODIFIED;;Attribute
MODULO;MOD;Operator
MOUSE-POINTER;;Attribute
MOVABLE;;Attribute
MOVE-AFTER-TAB-ITEM;;Method
MOVE-BEFORE-TAB-ITEM;;Method
MOVE-COLUMN;;Method
MOVE-TO-BOTTOM;;Method
MOVE-TO-EOF;;Method
MOVE-TO-TOP;;Method
MULTI-COMPILE;;Attribute
MULTIPLE;;Attribute
MULTITASKING-INTERVAL;;Attribute
MUST-UNDERSTAND;;Attribute
NAME;;Attribute
NAMESPACE-PREFIX;;Attribute
NAMESPACE-URI;;Attribute
NE;;Operator
NEEDS-APPSERVER-PROMPT;;Attribute
NEEDS-PROMPT;;Attribute
NESTED;;Attribute
NEW;;Attribute
NEW-ROW;;Attribute
NEXT-COLUMN;;Attribute
NEXT-ROWID;;Attribute
NEXT-SIBLING;;Attribute
NEXT-TAB-ITEM;;Attribute
NO-CURRENT-VALUE;;Attribute
NODE-VALUE;;Attribute
NODE-VALUE-TO-LONGCHAR;;Method
NODE-VALUE-TO-MEMPTR;;Method
NO-EMPTY-SPACE;;Attribute
NO-FOCUS;;Attribute
NONAMESPACE-SCHEMA-LOCATION;;Attribute
NORMALIZE;;Method
NO-SCHEMA-MARSHAL;;Attribute
NOT;;Operator
NO-VALIDATE;;Attribute
NUM-BUFFERS;;Attribute
NUM-BUTTONS;;Attribute
NUM-CHILD-RELATIONS;;Attribute
NUM-CHILDREN;;Attribute
NUM-COLUMNS;;Attribute
NUM-DROPPED-FILES;;Attribute
NUM-ENTRIES;;Attribute
NUMERIC-DECIMAL-POINT;;Attribute
NUMERIC-FORMAT;;Attribute
NUMERIC-SEPARATOR;;Attribute
NUM-FIELDS;;Attribute
NUM-FORMATS;;Attribute
NUM-HEADER-ENTRIES;;Attribute
NUM-ITEMS;;Attribute
NUM-ITERATIONS;;Attribute
NUM-LINES;;Attribute
NUM-LOCKED-COLUMNS;;Attribute
NUM-LOG-FILES;;Attribute
NUM-MESSAGES;;Attribute
NUM-PARAMETERS;;Attribute
NUM-REFERENCES;;Attribute
NUM-RELATIONS;;Attribute
NUM-REPLACED;;Attribute
NUM-RESULTS;;Attribute
NUM-SELECTED-ROWS;;Attribute
NUM-SELECTED-WIDGETS;;Attribute
NUM-SOURCE-BUFFERS;;Attribute
NUM-TABS;;Attribute
NUM-TOP-BUFFERS;;Attribute
NUM-TO-RETAIN;;Attribute
NUM-VISIBLE-COLUMNS;;Attribute
ON-FRAME-BORDER;;Attribute
OPTIONS;;Attribute
OR;;Operator
ORDINAL;;Attribute
ORIGIN-HANDLE;;Attribute
ORIGIN-ROWID;;Attribute
OVERLAY;;Attribute
OWNER;;Attribute
OWNER-DOCUMENT;;Attribute
PAGE-BOTTOM;;Attribute
PAGE-TOP;;Attribute
PARAMETER;;Attribute
PARENT;;Attribute
PARENT-BUFFER;;Attribute
PARENT-FIELDS-AFTER;;Attribute
PARENT-FIELDS-BEFORE;;Attribute
PARENT-ID-RELATION;;Attribute
PARENT-RELATION;;Attribute
PARSE-STATUS;;Attribute
PASSWORD-FIELD;;Attribute
PATHNAME;;Attribute
PBE-HASH-ALGORITHM;;Attribute
PBE-KEY-ROUNDS;;Attribute
PERSISTENT;;Attribute
PERSISTENT-CACHE-DISABLED;;Attribute
PERSISTENT-PROCEDURE;;Attribute
PFCOLOR;;Attribute
PIXELS-PER-COLUMN;;Attribute
PIXELS-PER-ROW;;Attribute
POPUP-MENU;;Attribute
POPUP-ONLY;;Attribute
POSITION;;Attribute
PREFER-DATASET;;Attribute
PREPARED;;Attribute
PREPARE-STRING;;Attribute
PREV-COLUMN;;Attribute
PREV-SIBLING;;Attribute
PREV-TAB-ITEM;;Attribute
PRIMARY;;Attribute
PRIMARY-PASSPHRASE;;Attribute
PRINTER-CONTROL-HANDLE;;Attribute
PRINTER-HDC;;Attribute
PRINTER-NAME;;Attribute
PRINTER-PORT;;Attribute
PRIVATE-DATA;;Attribute
PROCEDURE-NAME;;Attribute
PROCEDURE-TYPE;;Attribute
PROFILING;;Attribute
PROGRESS-SOURCE;;Attribute
PROXY;;Attribute
PROXY-PASSWORD;;Attribute
PROXY-USERID;;Attribute
PUBLIC-ID;;Attribute
PUBLISHED-EVENTS;;Attribute
QUALIFIED-USER-ID;;Attribute
QUERY;;Attribute
QUERY-CLOSE;;Method
QUERY-OFF-END;;Attribute
QUERY-OPEN;;Method
QUERY-PREPARE;;Method
QUIT;;Attribute
RADIO-BUTTONS;;Attribute
RADIO-SET;;Widget
RAW;;DataType
RAW-TRANSFER;;Method
READ;;Method
READ-FILE;;Method
READ-JSON;;Method
READ-ONLY;;Attribute
READ-XML;;Method
READ-XMLSCHEMA;;Method
RECID;;Attribute
RECID;;DataType
RECORD-LENGTH;;Attribute
RECTANGLE;RECT;Widget
RECURSIVE;;Attribute
REFRESH;;Method
REFRESHABLE;;Attribute
REFRESH-AUDIT-POLICY;;Method
REGISTER-DOMAIN;;Method
REJECT-CHANGES;;Method
REJECTED;;Attribute
REJECT-ROW-CHANGES;;Method
RELATION-FIELDS;;Attribute
RELATIONS-ACTIVE;;Attribute
REMOTE;;Attribute
REMOTE-HOST;;Attribute
REMOTE-PORT;;Attribute
REMOVE-ATTRIBUTE;;Method
REMOVE-CHILD;;Method
REMOVE-EVENTS-PROCEDURE;;Method
REMOVE-SUPER-PROCEDURE;;Method
REPLACE;;Method
REPLACE-CHILD;;Method
REPLACE-SELECTION-TEXT;;Method
REPOSITION;;Attribute
REPOSITION-BACKWARD;;Method
REPOSITION-FORWARD;;Method
REPOSITION-TO-ROW;;Method
REPOSITION-TO-ROWID;;Method
REQUEST-INFO;;Attribute
RESET;;Method
RESIZABLE;;Attribute
RESIZE;;Attribute
RESPONSE-INFO;;Attribute
RESTART-ROW;;Attribute
RESTART-ROWID;;Attribute
RETAIN-SHAPE;;Attribute
RETURN-INSERTED;;Attribute
RETURN-VALUE;;Attribute
RETURN-VALUE-DATA-TYPE;;Attribute
RETURN-VALUE-DLL-TYPE;;Attribute
ROLE;;Attribute
ROLES;;Attribute
ROUNDED;;Attribute
ROW;;Attribute
ROW-HEIGHT-CHARS;;Attribute
ROW-HEIGHT-PIXELS;;Attribute
ROWID;;Attribute
ROWID;;DataType
ROW-MARKERS;;Attribute
ROW-RESIZABLE;;Attribute
ROW-STATE;;Attribute
SAVE;;Method
SAVE-FILE;;Method
SAVE-ROW-CHANGES;;Method
SAVE-WHERE-STRING;;Attribute
SAX-PARSE;;Method
SAX-PARSE-FIRST;;Method
SAX-PARSE-NEXT;;Method
SCHEMA-CHANGE;;Attribute
SCHEMA-LOCATION;;Attribute
SCHEMA-MARSHAL;;Attribute
SCHEMA-PATH;;Attribute
SCREEN-LINES;;Attribute
SCREEN-VALUE;;Attribute
SCROLLABLE;;Attribute
SCROLLBAR-HORIZONTAL;;Attribute
SCROLL-BARS;;Attribute
SCROLLBAR-VERTICAL;;Attribute
SCROLL-TO-CURRENT-ROW;;Method
SCROLL-TO-ITEM;;Method
SCROLL-TO-SELECTED-ROW;;Method
SEAL;;Method
SEAL-TIMESTAMP;;Attribute
SEARCH;;Method
SELECTABLE;;Attribute
SELECT-ALL;;Method
SELECTED;;Attribute
SELECT-FOCUSED-ROW;;Method
SELECTION-END;;Attribute
SELECTION-LIST;;Widget
SELECTION-START;;Attribute
SELECTION-TEXT;;Attribute
SELECT-NEXT-ROW;;Method
SELECT-PREV-ROW;;Method
SELECT-ROW;;Method
SENSITIVE;;Attribute
SEPARATOR-FGCOLOR;;Attribute
SEPARATORS;;Attribute
SERIALIZE-HIDDEN;;Attribute
SERIALIZE-NAME;;Attribute
SERIALIZE-ROW;;Method
SERVER;;Attribute
SERVER-CONNECTION-BOUND;;Attribute
SERVER-CONNECTION-BOUND-REQUEST;;Attribute
SERVER-CONNECTION-CONTEXT;;Attribute
SERVER-CONNECTION-ID;;Attribute
SERVER-OPERATING-MODE;;Attribute
SESSION-END;;Attribute
SESSION-ID;;Attribute
SET-ACTOR;;Method
SET-APPL-CONTEXT;;Method
SET-ATTRIBUTE;;Method
SET-ATTRIBUTE-NODE;;Method
SET-BLUE-VALUE;;Method
SET-BREAK;;Method
SET-BUFFERS;;Method
SET-CALLBACK;;Method
SET-CALLBACK-PROCEDURE;;Method
SET-CLIENT;;Method
SET-COMMIT;;Method
SET-CONNECT-PROCEDURE;;Method
SET-DYNAMIC;;Method
SET-GREEN-VALUE;;Method
SET-INPUT-SOURCE;;Method
SET-MUST-UNDERSTAND;;Method
SET-NODE;;Method
SET-NUMERIC-FORMAT;;Method
SET-OUTPUT-DESTINATION;;Method
SET-PARAMETER;;Method
SET-PROPERTY;;Method
SET-READ-RESPONSE-PROCEDURE;;Method
SET-RED-VALUE;;Method
SET-REPOSITIONED-ROW;;Method
SET-RGB-VALUE;;Method
SET-ROLE;;Method
SET-ROLLBACK;;Method
SET-SAFE-USER;;Method
SET-SELECTION;;Method
SET-SERIALIZED;;Method
SET-SOCKET-OPTION;;Method
SET-SORT-ARROW;;Method
SET-WAIT-STATE;;Method
SHADOW-WINDOW;;Widget
SHORT;;DataType
SHOW-IN-TASKBAR;;Attribute
SIDE-LABEL-HANDLE;;Attribute
SIDE-LABELS;;Attribute
SIGNATURE-VALUE;;Attribute
SINGLE-RUN;;Attribute
SINGLETON;;Attribute
SKIP-DELETED-RECORD;;Attribute
SLIDER;;Widget
SMALL-ICON;;Attribute
SMALL-TITLE;;Attribute
SOAP-FAULT-ACTOR;;Attribute
SOAP-FAULT-CODE;;Attribute
SOAP-FAULT-DETAIL;;Attribute
SOAP-FAULT-MISUNDERSTOOD-HEADER;;Attribute
SOAP-FAULT-NODE;;Attribute
SOAP-FAULT-ROLE;;Attribute
SOAP-FAULT-STRING;;Attribute
SOAP-FAULT-SUBCODE;;Attribute
SOAP-VERSION;;Attribute
SORT;;Attribute
SORT-ASCENDING;;Attribute
SORT-NUMBER;;Attribute
SSL-SERVER-NAME;;Attribute
STANDALONE;;Attribute
START-DOCUMENT;;Method
START-ELEMENT;;Method
STARTUP-PARAMETERS;;Attribute
STATE-DETAIL;;Attribute
STATISTICS;;Attribute
STATUS-AREA;;Attribute
STATUS-AREA-FONT;;Attribute
STOP;;Attribute
STOP-OBJECT;;Attribute
STOP-PARSING;;Method
STOPPED;;Attribute
STREAM;;Attribute
STRETCH-TO-FIT;;Attribute
STRICT;;Attribute
STRICT-ENTITY-RESOLUTION;;Attribute
STRING-VALUE;;Method
SUB-MENU;SUB-;Widget
SUBTYPE;;Attribute
SUPER-PROCEDURES;;Attribute
SUPPRESS-NAMESPACE-PROCESSING;;Attribute
SUPPRESS-WARNINGS;;Attribute
SUPPRESS-WARNINGS-LIST;;Attribute
SYMMETRIC-ENCRYPTION-AAD;;Attribute
SYMMETRIC-ENCRYPTION-ALGORITHM;;Attribute
SYMMETRIC-ENCRYPTION-IV;;Attribute
SYMMETRIC-ENCRYPTION-KEY;;Attribute
SYMMETRIC-SUPPORT;;Attribute
SYNCHRONIZE;;Method
SYSTEM-ALERT-BOXES;;Attribute
SYSTEM-ID;;Attribute
TABLE;;Attribute
TABLE;;DataType
TABLE-CRC-LIST;;Attribute
TABLE-HANDLE;;Attribute
TABLE-HANDLE;;DataType
TABLE-LIST;;Attribute
TABLE-NUMBER;;Attribute
TAB-POSITION;;Attribute
TAB-STOP;;Attribute
TAG;;Attribute
TEMP-DIRECTORY;;Attribute
TEMP-TABLE-PREPARE;;Method
TENANT-ID;;Method
TENANT-NAME;;Method
TEXT;;Widget
TEXT-SELECTED;;Attribute
THREAD-SAFE;;Attribute
THREE-D;;Attribute
TIC-MARKS;;Attribute
TIME-SOURCE;;Attribute
TIMEZONE;;Attribute
TITLE;;Attribute
TITLE-BGCOLOR;;Attribute
TITLE-DCOLOR;;Attribute
TITLE-FGCOLOR;;Attribute
TITLE-FONT;;Attribute
TOGGLE-BOX;;Attribute
TOGGLE-BOX;;Widget
TOOLTIP;;Attribute
TOOLTIPS;;Attribute
TOP;;Attribute
TOP-NAV-QUERY;;Attribute
TOP-ONLY;;Attribute
TRACE-FILTER;;Attribute
TRACING;;Attribute
TRACKING-CHANGES;;Attribute
TRANSACTION;;Attribute
TRANS-INIT-PROCEDURE;;Attribute
TRANSPARENT;;Attribute
TYPE;;Attribute
UNDO;;Attribute
UNDO-THROW-SCOPE;;Attribute
UNIQUE-ID;;Attribute
UNIQUE-MATCH;;Attribute
UNSIGNEDLONG;;DataType
UNSIGNED-LONG;;DataType
UNSIGNEDSHORT;;DataType
UNSIGNED-SHORT;;DataType
UPDATE-ATTRIBUTE;;Method
URL;;Attribute
URL-DECODE;;Method
URL-ENCODE;;Method
URL-PASSWORD;;Attribute
URL-USERID;;Attribute
USER-DATA ;;Method
USER-ID;;Attribute
V6DISPLAY;;Attribute
VALIDATE;;Method
VALIDATE-DOMAIN-ACCESS-CODE;;Method
VALIDATE-EXPRESSION;;Attribute
VALIDATE-MESSAGE;;Attribute
VALIDATE-SEAL;;Method
VALIDATE-XML;;Attribute
VALIDATION-ENABLED;;Attribute
VALUE;;Attribute
VERSION;;Attribute
VIEW-AS;;Attribute
VIEW-FIRST-COLUMN-ON-REOPEN;;Attribute
VIRTUAL-HEIGHT-CHARS;;Attribute
VIRTUAL-HEIGHT-PIXELS;;Attribute
VIRTUAL-WIDTH-CHARS;;Attribute
VIRTUAL-WIDTH-PIXELS;;Attribute
VISIBLE;;Attribute
WARNING;;Attribute
WC-ADMIN-APP;;Attribute
WHERE-STRING;;Attribute
WIDGET;;DataType
WIDGET-ENTER;;Attribute
WIDGET-HANDLE;;Attribute
WIDGET-HANDLE;;DataType
WIDGET-ID;;Attribute
WIDGET-LEAVE;;Attribute
WIDTH;;Attribute
WIDTH-CHARS;;Attribute
WIDTH-PIXELS;;Attribute
WINDOW;;Attribute
WINDOW;;Widget
WINDOW-STATE;;Attribute
WINDOW-SYSTEM;;Attribute
WORD-WRAP;;Attribute
WORK-AREA-HEIGHT-PIXELS;;Attribute
WORK-AREA-WIDTH-PIXELS;;Attribute
WORK-AREA-X;;Attribute
WORK-AREA-Y;;Attribute
WRITE;;Method
WRITE-CDATA;;Method
WRITE-CHARACTERS;;Method
WRITE-COMMENT;;Method
WRITE-DATA;;Method
WRITE-DATA-ELEMENT;;Method
WRITE-EMPTY-ELEMENT;;Method
WRITE-ENTITY-REF;;Method
WRITE-EXTERNAL-DTD;;Method
WRITE-FRAGMENT;;Method
WRITE-JSON;;Method
WRITE-MESSAGE;;Method
WRITE-PROCESSING-INSTRUCTION;;Method
WRITE-STATUS;;Attribute
WRITE-XML;;Method
WRITE-XMLSCHEMA;;Method
X;;Attribute
XCODE-SESSION-KEY;;Attribute
X-DOCUMENT;;Attribute
XML-DATA-TYPE;;Attribute
XML-ENTITY-EXPANSION-LIMIT;;Attribute
XML-NODE-NAME;;Attribute
XML-NODE-TYPE;;Attribute
XML-SCHEMA-PATH;;Attribute
XML-STRICT-ENTITY-RESOLUTION;;Attribute
XML-SUPPRESS-NAMESPACE-PROCESSING;;Attribute
XOR;;Operator
Y;;Attribute
YEAR-OFFSET;;Attribute
ENTERED;;Operator
ABSOLUTE;;Function
ACCUM;;Function
ADD-INTERVAL;;Function
ALIAS;;Function
AMBIGUOUS;;Function
ASC;;Function
AUDIT-ENABLED;;Function
AVAILABLE;;Function
BASE64-DECODE;;Function
BASE64-ENCODE;;Function
BOX;;Function
BUFFER-GROUP-ID;;Function
BUFFER-GROUP-NAME;;Function
BUFFER-PARTITION-ID;;Function
BUFFER-TENANT-ID;;Function
BUFFER-TENANT-NAME;;Function
CAN-DO;;Function
CAN-FIND;;Function
CAN-QUERY;;Function
CAN-SET;;Function
CAPS;;Function
CAST;;Function
CHR;;Function
CODEPAGE-CONVERT;;Function
COMPARE;;Function
CONNECTED;;Function
COUNT-OF;;Function
CURRENT-CHANGED;;Function
CURRENT-LANGUAGE;;Function
CURRENT-RESULT-ROW;;Function
CURRENT-VALUE;;Function
DATASERVERS;;Function
DATA-SOURCE-MODIFIED;;Function
DATE;;Function
DATETIME;;Function
DATETIME-TZ;;Function
DAY;;Function
DBCODEPAGE;;Function
DBCOLLATION;;Function
DBNAME;;Function
DBPARAM;;Function
DB-REMOTE-HOST;;Function
DBRESTRICTIONS;;Function
DBTASKID;;Function
DBTYPE;;Function
DBVERSION;;Function
DECIMAL;;Function
DECRYPT;;Function
DEFINED;;Function
DYNAMIC-CAST;;Function
DYNAMIC-CURRENT-VALUE;;Function
DYNAMIC-ENUM;;Function
DYNAMIC-FUNCTION;;Function
DYNAMIC-INVOKE;;Function
DYNAMIC-NEXT-VALUE;;Function
DYNAMIC-PROPERTY;;Function
ENCODE;;Function
ENCRYPT;;Function
ENTERED;;Function
ENTRY;;Function
ERROR;;Function
ETIME;;Function
EXP;;Function
EXTENT;;Function
FILL;;Function
FIRST;;Function
FIRST-OF;;Function
FRAME-COL;;Function
FRAME-DB;;Function
FRAME-DOWN;;Function
FRAME-FIELD;;Function
FRAME-FILE;;Function
FRAME-INDEX;;Function
FRAME-LINE;;Function
FRAME-NAME;;Function
FRAME-ROW;;Function
FRAME-VALUE;;Function
FUNCTION;;statement
GATEWAYS;;Function
GENERATE-PBE-KEY;;Function
GENERATE-PBE-SALT;;Function
GENERATE-RANDOM-KEY;;Function
GENERATE-UUID;;Function
GET-BITS;;Function
GET-BYTE;;Function
GET-BYTE-ORDER;;Function
GET-BYTES;;Function
GET-CLASS;;Function
GET-CODEPAGE;;Function
GET-CODEPAGES;;Function
GET-COLLATION;;Function
GET-COLLATIONS;;Function
GET-DB-CLIENT;;Function
GET-DOUBLE;;Function
GET-EFFECTIVE-TENANT-ID;;Function
GET-EFFECTIVE-TENANT-NAME;;Function
GET-FLOAT;;Function
GET-INT64;;Function
GET-LONG;;Function
GET-POINTER-VALUE;;Function
GET-SHORT;;Function
GET-SIZE;;Function
GET-STRING;;Function
GET-UNSIGNED-LONG;;Function
GET-UNSIGNED-SHORT;;Function
GO-PENDING;;Function
GUID;;Function
HANDLE;;Function
HEX-DECODE;;Function
HEX-ENCODE;;Function
IF;;Function
THEN;;Function
ELSE;;Function
INDEX;;Function
INPUT;;Function
INT64;;Function
INTEGER;;Function
INTERVAL;;Function
IS-ATTR-SPACE;;Function
IS-CODEPAGE-FIXED;;Function
IS-COLUMN-CODEPAGE;;Function
IS-DB-MULTI-TENANT;;Function
IS-LEAD-BYTE;;Function
ISO-DATE;;Function
KBLABEL;;Function
KEYCODE;;Function
KEYFUNCTION;;Function
KEYLABEL;;Function
KEYWORD;;Function
KEYWORD-ALL;;Function
LAST;;Function
LASTKEY;;Function
LAST-OF;;Function
LC;;Function
LDBNAME;;Function
LEFT-TRIM;;Function
LENGTH;;Function
LIBRARY;;Function
LINE-COUNTER;;Function
LIST-EVENTS;;Function
LIST-QUERY-ATTRS;;Function
LIST-SET-ATTRS;;Function
LIST-WIDGETS;;Function
LOCKED;;Function
LOG;;Function
LOGICAL;;Function
LOOKUP;;Function
MAXIMUM;;Function
MD5-DIGEST;;Function
MEMBER;;Function
MESSAGE-DIGEST;;Function
MESSAGE-LINES;;Function
MINIMUM;;Function
MONTH;;Function
MTIME;;Function
NEW;;Function
NEXT-VALUE;;Function
NORMALIZE;;Function
NOW;;Function
NUM-ALIASES;;Function
NUM-DBS;;Function
NUM-ENTRIES;;Function
NUM-RESULTS;;Function
OPSYS;;Function
OS-DRIVES;;Function
OS-ERROR;;Function
OS-GETENV;;Function
PAGE-NUMBER;;Function
PAGE-SIZE;;Function
PDBNAME;;Function
PROCESS-ARCHITECTURE;;Function
PROC-HANDLE;;Function
PROC-STATUS;;Function
PROGRAM-NAME;;Function
PROGRESS;;Function
PROMSGS;;Function
PROPATH;;Function
PROVERSION;;Function
QUERY-OFF-END;;Function
QUOTER;;Function
RANDOM;;Function
RAW;;Function
RECID;;Function
RECORD-LENGTH;;Function
REJECTED;;Function
REPLACE;;Function
RETRY;;Function
RETURN-VALUE;;Function
RGB-VALUE;;Function
RIGHT-TRIM;;Function
R-INDEX;;Function
ROUND;;Function
ROWID;;Function
ROW-STATE;;Function
SCREEN-LINES;;Function
SDBNAME;;Function
SEARCH;;Function
SEEK;;Function
SET-DB-CLIENT;;Function
SET-EFFECTIVE-TENANT;;Function
SETUSERID;;Function
SHA1-DIGEST;;Function
SQRT;;Function
SSL-SERVER-NAME;;Function
STRING;;Function
SUBSTITUTE;;Function
SUBSTRING;;Function
SUPER;;Function
TENANT-ID;;Function
TENANT-NAME;;Function
TENANT-NAME-TO-ID;;Function
TERMINAL;;Function
TIME;;Function
TIMEZONE;;Function
TODAY;;Function
TO-ROWID;;Function
TRANSACTION;;Function
TRIM;;Function
TRUNCATE;;Function
TYPE-OF;;Function
UNBOX;;Function
USERID;;Function
VALID-EVENT;;Function
VALID-HANDLE;;Function
VALID-OBJECT;;Function
WEEKDAY;;Function
WIDGET-HANDLE;;Function
YEAR;;Function
ACCUMULATE;;Statement
AGGREGATE;;Statement
APPLY;;Statement
ASSIGN;;Statement
BELL;;Statement
BLOCK-LEVEL;;Statement
BUFFER-COMPARE;;Statement
BUFFER-COPY;;Statement
CALL;;Statement
CASE;;Statement
CATCH;;Statement
CHOOSE;;Statement
CLASS;;Statement
CLEAR;;Statement
CLOSE;;Statement
STORED-PROCEDURE;;Statement
COLOR;;Statement
COMPILE;;Statement
CONNECT;;Statement
CONSTRUCTOR;;Statement
COPY-LOB;;Statement
CREATE;;Statement
ALIAS;;Statement
BROWSE;;Statement
BUFFER;;Statement
CALL;;Statement
CLIENT-PRINCIPAL;;Statement
DATABASE;;Statement
DATASET;;Statement
DATA-SOURCE;;Statement
QUERY;;Statement
SAX-ATTRIBUTES;;Statement
SAX-READER;;Statement
SAX-WRITER;;Statement
SERVER;;Statement
SERVER-SOCKET;;Statement
SOAP-HEADER;;Statement
SOAP-HEADER-ENTRYREF;;Statement
SOCKET;;Statement
TEMP-TABLE;;Statement
widget;;Statement
WIDGET-POOL;;Statement
X-DOCUMENT;;Statement
X-NODEREF;;Statement
CURRENT-LANGUAGE;;Statement
CURRENT-VALUE;;Statement
DDE;;Statement
ADVISE;;Statement
EXECUTE;;Statement
GET;;Statement
INITIATE;;Statement
REQUEST;;Statement
SEND;;Statement
TERMINATE;;Statement
DEFINE;;Statement
BROWSE;;Statement
BUFFER;;Statement
BUTTON;;Statement
DATASET;;Statement
DATA-SOURCE;;Statement
ENUM;;Statement
EVENT;;Statement
FRAME;;Statement
IMAGE;;Statement
MENU;;Statement
PARAMETER;;Statement
PROPERTY;;Statement
QUERY;;Statement
RECTANGLE;;Statement
STREAM;;Statement
SUB-MENU;;Statement
TEMP-TABLE;;Statement
VARIABLE;;Statement
WORK-TABLE;;Statement
WORKFILE;;Statement
DELETE;;Statement
ALIAS;;Statement
OBJECT;;Statement
PROCEDURE;;Statement
WIDGET;;Statement
WIDGET-POOL;;Statement
DESTRUCTOR;;Statement
DICTIONARY;;Statement
DISABLE;;Statement
TRIGGERS;;Statement
DISCONNECT;;Statement
DISPLAY;;Statement
DO;;Statement
DOS;;Statement
DOWN;;Statement
DYNAMIC-CURRENT-VALUE;;Statement
DYNAMIC-NEW;;Statement
DYNAMIC-PROPERTY;;Statement
EMPTY;;Statement
TEMP-TABLE;;Statement
ENABLE;;Statement
END;;Statement
ENTRY;;Statement
ENUM;;Statement
EXPORT;;Statement
EXTENT;;Statement
FINALLY;;Statement
FIND;;Statement
FIX-CODEPAGE;;Statement
FOR;;Statement
FORM;;Statement
FRAME-VALUE;;Statement
GET;;Statement
GET-KEY-VALUE;;Statement
HIDE;;Statement
IMPORT;;Statement
INPUT;;Statement
CLEAR;;Statement
CLOSE;;Statement
FROM;;Statement
THROUGH;;Statement
INPUT-OUTPUT;;Statement
CLOSE;;Statement
THROUGH;;Statement
INSERT;;Statement
INTERFACE;;Statement
LEAVE;;Statement
LENGTH;;Statement
LOAD;;Statement
LOAD-PICTURE;;Statement
MESSAGE;;Statement
METHOD;;Statement
NEW;;Statement
NEXT;;Statement
NEXT-PROMPT;;Statement
ON;;Statement
OPEN;;Statement
OS-APPEND;;Statement
OS-COMMAND;;Statement
OS-COPY;;Statement
OS-CREATE-DIR;;Statement
OS-DELETE;;Statement
OS-RENAME;;Statement
OUTPUT;;Statement
CLOSE;;Statement
THROUGH;;Statement
TO;;Statement
OVERLAY;;Statement
PAGE;;Statement
PAUSE;;Statement
PROCEDURE;;Statement
PROCESS;;Statement
EVENTS;;Statement
PROMPT-FOR;;Statement
PROMSGS;;Statement
PROPATH;;Statement
PUBLISH;;Statement
CURSOR;;Statement
SCREEN;;Statement
PUT;;Statement
PUT-BITS;;Statement
PUT-BYTE;;Statement
PUT-BYTES;;Statement
PUT-DOUBLE;;Statement
PUT-FLOAT;;Statement
PUT-INT64;;Statement
PUT-KEY-VALUE;;Statement
PUT-LONG;;Statement
PUT-SHORT;;Statement
PUT-STRING;;Statement
PUT-UNSIGNED-LONG;;Statement
PUT-UNSIGNED-SHORT;;Statement
QUIT;;Statement
RAW;;Statement
RAW-TRANSFER;;Statement
READKEY;;Statement
RELEASE;;Statement
EXTERNAL;;Statement
OBJECT;;Statement
REPEAT;;Statement
REPOSITION;;Statement
RETURN;;Statement
ROUTINE-LEVEL;;Statement
RUN;;Statement
STORED-PROCEDURE;;Statement
SUPER;;Statement
SAVE;;Statement
CACHE;;Statement
SCROLL;;Statement
SEEK;;Statement
SET;;Statement
SET-BYTE-ORDER;;Statement
SET-POINTER-VALUE;;Statement
SET-SIZE;;Statement
SHOW-STATS;;Statement
STATUS;;Statement
STOP;;Statement
SUBSCRIBE;;Statement
SUBSTRING;;Statement
SUPER;;Statement
SYSTEM-DIALOG;;Statement
COLOR;;Statement
FONT;;Statement
GET-DIR;;Statement
GET-FILE;;Statement
PRINTER-SETUP;;Statement
SYSTEM-HELP;;Statement
TERMINAL;;Statement
THIS-OBJECT;;Statement
TRANSACTION-MODE;;Statement
AUTOMATIC;;Statement
TRIGGER;;Statement
PROCEDURE;;Statement
UNDERLINE;;Statement
UNDO;;Statement
UNIX;;Statement
UNLOAD;;Statement
UNSUBSCRIBE;;Statement
UP;;Statement
UPDATE;;Statement
USE;;Statement
USING;;Statement
VALIDATE;;Statement
VAR;;Statement
VIEW;;Statement
WAIT-FOR;;Statement
ERROR;;Statement
THROW;;Statement
IF;;Statement
THEN;;Statement
ELSE;;Statement
CASE;;Statement
WHEN ;;Statement
OTHERWISE;;Statement
ABSTRACT;;Other
ACTIVE-FORM;;Other
ACTIVE-WINDOW;;Other
ADD;;Other
ALERT-BOX;;Other
ALL;;Other
ALLOW-REPLICATION;;Other
ALTER;;Other
ANALYZE;;Other
ANSI-ONLY;;Other
ANY;;Other
ANYWHERE;;Other
APPEND;;Other
APPLICATION;;Other
ARRAY-MESSAGE;;Other
AS;;Other
ASCENDING;;Other
ASK-OVERWRITE;;Other
ASSEMBLY;;Other
AT;;Other
AUDIT-CONTROL;;Other
AUDIT-POLICY;;Other
AUTHORIZATION;;Other
AUTO-ENDKEY;;Other
AVERAGE;;Other
AVG;;Other
BACKWARDS;;Other
BASE-KEY;;Other
BEFORE-HIDE;;Other
BETWEEN;;Other
BIG-ENDIAN;;Other
BINARY;;Other
BIND;;Other
BIND-WHERE;;Other
BREAK;;Other
BUTTONS;;Other
BY;;Other
BY-POINTER;;Other
BY-VARIANT-POINTER;;Other
CACHE-SIZE;;Other
CDECL;;Other
CHAINED;;Other
CHARACTER_LENGTH;;Other
CHECK;;Other
CLIPBOARD;;Other
CODEBASE-LOCATOR;;Other
COLLATE;;Other
COL-OF;;Other
COLON;;Other
COLON-ALIGNED;;Other
COLOR-TABLE;;Other
COLUMN-OF;;Other
COLUMNS;;Other
COMMAND;;Other
COMPARES;;Other
COMPILER;;Other
COM-SELF;;Other
CONTAINS;;Other
CONTENTS;;Other
CONTEXT;;Other
CONTEXT-POPUP;;Other
CONTROL;;Other
CONVERT;;Other
COUNT;;Other
CREATE-TEST-FILE;;Other
CURRENT;;Other
CURRENT_DATE;;Other
CURRENT_DATE;;Other
DATA-BIND;;Other
DATA-RELATION;;Other
DEBUGGER;;Other
DEBUG-LIST;;Other
DECLARE;;Other
DEFAULT-EXTENSION;;Other
DEFAULT-NOXLATE;;Other
DEFAULT-WINDOW;;Other
DEFINE-USER-EVENT-MANAGER;;Other
DELEGATE;;Other
DESC;;Other
DESCENDING;;Other
DESELECTION;;Other
DIR;;Other
DISABLED;;Other
DISP;;Other
DISTINCT;;Other
DROP;;Other
DROP-DOWN;;Other
DROP-DOWN-LIST;;Other
DROP-FILE-NOTIFY;;Other
DS-CLOSE-CURSOR;;Other
DSLOG-MANAGER;;Other
DUMP;;Other
EACH;;Other
ECHO;;Other
EDITING;;Other
ENABLED-FIELDS;;Other
ENDKEY;;Other
END-KEY;;Other
END-MOVE;;Other
END-RESIZE;;Other
END-ROW-RESIZE;;Other
ERROR-STATUS;;Other
ESCAPE;;Other
EVENT-HANDLER-CONTEXT;;Other
EXCEPT;;Other
EXCLUSIVE-LOCK;;Other
EXCLUSIVE-WEB-USER;;Other
EXISTS;;Other
EXPLICIT;;Other
EXTENDED;;Other
FALSE;;Other
FETCH;;Other
FIELD;;Other
FIELDS;;Other
FILE;;Other
FILE-INFO;;Other
FILENAME;;Other
FILTERS;;Other
FINAL;;Other
FIND-CASE-SENSITIVE;;Other
FINDER;;Other
FIND-GLOBAL;;Other
FIND-NEXT-OCCURRENCE;;Other
FIND-PREV-OCCURRENCE;;Other
FIND-SELECT;;Other
FIND-WRAP-AROUND;;Other
FIRST-ASYNCH-REQUEST;;Other
FIXED-ONLY;;Other
FOCUS;;Other
FONT-TABLE;;Other
FORCE-FILE;;Other
FORWARD;;Other
FORWARDS;;Other
FROM-CHARS;;Other
FROM-CURRENT;;Other
FROM-PIXELS;;Other
FUNCTION-CALL-TYPE;;Other
GET-ATTR-CALL-TYPE;;Other
GETBYTE;;Other
GLOBAL;;Other
GO-ON;;Other
GRANT;;Other
GROUP;;Other
HAVING;;Other
HEADER;;Other
HOST-BYTE-ORDER;;Other
IMAGE-SIZE;;Other
IMAGE-SIZE-CHARS;;Other
IMAGE-SIZE-PIXELS;;Other
IMPLEMENTS;;Other
IN;;Other
INDEXED-REPOSITION;;Other
INDEX-HINT;;Other
INDICATOR;;Other
INFORMATION;;Other
INHERITS;;Other
INITIAL-DIR;;Other
INITIAL-FILTER;;Other
INTO;;Other
IS;;Other
ITEM;;Other
JOIN;;Other
JOIN-BY-SQLDB;;Other
KEEP-MESSAGES;;Other
KEEP-TAB-ORDER;;Other
KEYCACHE-JOIN;;Other
KEY-CODE;;Other
KEY-FUNCTION;;Other
KEY-LABEL;;Other
LABEL-PFCOLOR;;Other
LANDSCAPE;;Other
LAST-ASYNCH-REQUEST;;Other
LAST-EVENT;;Other
LAST-KEY;;Other
LEFT-ALIGNED;;Other
LIKE;;Other
LIKE-SEQUENTIAL;;Other
LISTING;;Other
LITTLE-ENDIAN;;Other
LOG-MANAGER;;Other
LOOKAHEAD;;Other
MAP;;Other
MARGIN-EXTRA;;Other
MARGIN-HEIGHT-CHARS;;Other
MARGIN-HEIGHT-PIXELS;;Other
MARGIN-WIDTH-CHARS;;Other
MARGIN-WIDTH-PIXELS;;Other
MAX;;Other
MAX-HEIGHT;;Other
MAXIMIZE;;Other
MAX-ROWS;;Other
MAX-SIZE;;Other
MAX-WIDTH;;Other
MENUBAR;;Other
MIN;;Other
MIN-SIZE;;Other
MOUSE;;Other
MPE;;Other
MULTIPLE-KEY;;Other
MUST-EXIST;;Other
NATIVE;;Other
NEW-INSTANCE;;Other
NO;;Other
NO-APPLY;;Other
NO-ARRAY-MESSAGE;;Other
NO-ASSIGN;;Other
NO-ATTR-LIST;;Other
NO-ATTR-SPACE;;Other
NO-AUTO-VALIDATE;;Other
NO-BIND-WHERE;;Other
NO-BOX;;Other
NO-CONSOLE;;Other
NO-CONVERT;;Other
NO-CONVERT-3D-COLORS;;Other
NO-DEBUG;;Other
NO-DRAG;;Other
NO-ECHO;;Other
NO-ERROR;;Other
NO-FILL;;Other
NO-HELP;;Other
NO-HIDE;;Other
NO-INDEX-HINT;;Other
NO-INHERIT-BGCOLOR;;Other
NO-INHERIT-FGCOLOR;;Other
NO-JOIN-BY-SQLDB;;Other
NO-KEYCACHE-JOIN;;Other
NO-LABELS;;Other
NO-LOBS;;Other
NO-LOCK;;Other
NO-LOOKAHEAD;;Other
NO-MAP;;Other
NO-MESSAGE;;Other
NONE;;Other
NON-SERIALIZABLE;;Other
NO-PAUSE;;Other
NO-PREFETCH;;Other
NO-ROW-MARKERS;;Other
NO-SCROLLBAR-VERTICAL;;Other
NO-SEPARATE-CONNECTION;;Other
NO-SEPARATORS;;Other
NO-TAB-STOP;;Other
NOT-ACTIVE;;Other
NO-UNDERLINE;;Other
NO-UNDO;;Other
NO-WAIT;;Other
NO-WORD-WRAP;;Other
NULL;;Other
NUM-COPIES;;Other
NUMERIC;;Other
OCTET-LENGTH;;Other
OF;;Other
OFF;;Other
OK;;Other
OK-CANCEL;;Other
OLD;;Other
OPTION;;Other
OPTIONS-FILE;;Other
ORDERED-JOIN;;Other
OS-DIR;;Other
OVERRIDE;;Other
PACKAGE-PRIVATE;;Other
PACKAGE-PROTECTED;;Other
PAGED;;Other
PAGE-WIDTH;;Other
PARTIAL-KEY;;Other
PASCAL;;Other
PIXELS;;Other
PORTRAIT;;Other
PRECISION;;Other
PREPROCESS;;Other
PRESELECT;;Other
PREV;;Other
PRINTER;;Other
PRIVATE;;Other
PRIVILEGES;;Other
PROCEDURE-CALL-TYPE;;Other
PROC-TEXT;;Other
PROC-TEXT-BUFFER;;Other
PROFILER;;Other
PROMPT;;Other
PROTECTED;;Other
PUBLIC;;Other
PUTBYTE;;Other
QUERY-TUNING;;Other
QUESTION;;Other
RCODE-INFORMATION;;Other
READ-AVAILABLE;;Other
READ-EXACT-NUM;;Other
REAL;;Other
REFERENCE-ONLY;;Other
REPOSITION-MODE;;Other
RETAIN;;Other
RETRY-CANCEL;;Other
RETURNS;;Other
RETURN-TO-START-DIR;;Other
REVERSE-FROM;;Other
REVERT;;Other
REVOKE;;Other
RIGHT-ALIGNED;;Other
ROW-OF;;Other
RULE;;Other
RUN-PROCEDURE;;Other
SAVE-AS;;Other
SAX-COMPLETE;;Other
SAX-PARSER-ERROR;;Other
SAX-RUNNING;;Other
SAX-UNINITIALIZED;;Other
SAX-WRITE-BEGIN;;Other
SAX-WRITE-COMPLETE;;Other
SAX-WRITE-CONTENT;;Other
SAX-WRITE-ELEMENT;;Other
SAX-WRITE-ERROR;;Other
SAX-WRITE-IDLE;;Other
SAX-WRITE-TAG;;Other
SCHEMA;;Other
SCREEN-IO;;Other
SCROLL-DELTA;;Other
SCROLLED-ROW-POSITION;;Other
SCROLLING;;Other
SCROLL-OFFSET;;Other
SEARCH-SELF;;Other
SEARCH-TARGER;;Other
SECTION;;Other
SECURITY-POLICY;;Other
SELECT;;Other
SELECTION;;Other
SELF;;Other
SEND-SQL-STATEMENT;;Other
SEPARATE-CONNECTION;;Other
SERIALIZABLE;;Other
SESSION;;Other
SET-ATTR-CALL-TYPE;;Other
SET-CONTENTS;;Other
SET-CURRENT-VALUE;;Other
SET-EVENT-MANAGER-OPTION;;Other
SET-OPTION;;Other
SHARED;;Other
SHARE-LOCK;;Other
SIGNATURE;;Other
SILENT;;Other
SIMPLE;;Other
SINGLE;;Other
SIZE;;Other
SIZE-CHARS;;Other
SIZE-PIXELS;;Other
SKIP;;Other
SMALLINT;;Other
SOME;;Other
SOURCE;;Other
SOURCE-PROCEDURE;;Other
SPACE;;Other
SQL;;Other
START;;Other
START-MOVE;;Other
START-RESIZE;;Other
START-ROW-RESIZE;;Other
STATIC;;Other
STDCALL;;Other
STOP-AFTER;;Other
STREAM-HANDLE;;Other
STREAM-IO;;Other
STRING-XREF;;Other
SUB-AVERAGE;;Other
SUB-COUNT;;Other
SUB-MAXIMUM;;Other
SUB-MINIMUM;;Other
SUB-TOTAL;;Other
SUM;;Other
TABLE-SCAN;;Other
TARGET;;Other
TARGET-PROCEDURE;;Other
TERM;;Other
TEXT-CURSOR;;Other
TEXT-SEG-GROW;;Other
THIS-PROCEDURE;;Other
THRU;;Other
TOPIC;;Other
TOTAL;;Other
TRAILING;;Other
TRANS;;Other
TRUE;;Other
UNBUFFERED;;Other
UNFORMATTED;;Other
UNION;;Other
UNIQUE;;Other
UNLESS-HIDDEN;;Other
USE-DICT-EXPS;;Other
USE-FILENAME;;Other
USE-INDEX;;Other
USER;;Other
USE-REVVIDEO;;Other
USE-TEXT;;Other
USE-UNDERLINE;;Other
USE-WIDGET-POOL;;Other
V6FRAME;;Other
VALUE-CHANGED;;Other
VALUES;;Other
VERBOSE;;Other
VERTICAL;;Other
VOID;;Other
WAIT;;Other
WEB-CONTEXT;;Other
WHEN;;Other
WHERE;;Other
WHILE;;Other
WINDOW-MAXIMIZED;;Other
WINDOW-MINIMIZED;;Other
WINDOW-NAME;;Other
WINDOW-NORMAL;;Other
WITH;;Other
WORD-INDEX;;Other
XCODE;;Other
X-OF;;Other
XREF;;Other
XREF-XML;;Other
YES;;Other
YES-NO;;Other
YES-NO-CANCEL;;Other
Y-OF;;Other
